lr,Batch size,Dropout odds,Hidden size,Epoch,Acc@1,Acc@5,Acc@10,Acc@20,test_loss,training_loss,duration,,,,
0.001,128,0,500,1,0.128643658,0.437151022,0.559375687,0.687227962,4.221726616,5.212698239,161,,,,
0.001,128,0,500,2,0.143240273,0.444801055,0.579468015,0.707364256,4.083191856,4.924193455,159,,,,
0.001,128,0,500,3,0.153044625,0.443350187,0.565838646,0.701956474,4.003461676,4.64346147,159,,,,
0.001,128,0,500,4,0.149219609,0.454649373,0.579951638,0.709430644,3.9959125,4.355457113,159,,,,
0.001,128,0,500,5,0.143328204,0.4488459,0.574016267,0.707540119,4.005892048,4.092403601,161,,,,
0.001,128,0,1000,1,0.169531765,0.463618378,0.58914047,0.724642779,4.019518377,5.138196281,172,,,,
0.001,128,0,1000,2,0.20276984,0.460892504,0.59406463,0.727632447,3.79207544,4.642438372,172,,,,
0.001,128,0,1000,3,0.20092328,0.455572653,0.584787865,0.720202242,3.734660545,4.155453086,171,,,,
0.001,128,0,1000,4,0.175379204,0.421763025,0.556561882,0.708375467,3.819895341,3.662860547,171,,,,
0.001,128,0,1000,5,0.186766322,0.438601891,0.56702572,0.708067707,3.820242021,3.209259743,170,,,,
0.001,128,0,1500,1,0.126928995,0.427390635,0.534183337,0.669993405,4.455373748,5.274244447,214,,,,
0.001,128,0,1500,2,0.122928116,0.429457024,0.542712684,0.679665861,4.380184795,5.243024082,213,,,,
0.001,128,0,1500,3,0.123983293,0.429281161,0.543108375,0.67434601,4.362232565,5.234914769,213,,,,
0.001,128,0,1500,4,0.123323807,0.429720818,0.542185096,0.674785667,4.349735932,5.220480551,215,,,,
0.001,128,0,1500,5,0.12473071,0.430028578,0.543723895,0.680193449,4.41457064,5.212640451,215,,,,
0.001,128,0,2000,1,0.107540119,0.437107056,0.566542097,0.698131457,4.093422308,5.197167528,282,,,,
0.001,128,0,2000,2,0.146493735,0.445944164,0.580215432,0.710134095,4.062735788,4.940484038,278,,,,
0.001,128,0,2000,3,0.139766982,0.423081996,0.565618817,0.697428006,4.071534561,4.642027965,276,,,,
0.001,128,0,2000,4,0.140734227,0.434688943,0.562805012,0.70855133,3.998613354,4.297891374,275,,,,
0.001,128,0,2000,5,0.120905694,0.417674214,0.544471312,0.688546933,4.074046235,3.905443469,276,,,,
0.001,128,0.25,500,1,0.172477468,0.439920862,0.571642119,0.703495274,4.075968099,5.154840257,152,,,,
0.001,128,0.25,500,2,0.198373269,0.458430424,0.589580128,0.721960871,3.858169379,4.706884685,159,,,,
0.001,128,0.25,500,3,0.188744779,0.438997582,0.576918004,0.716772917,3.796865944,4.348935495,160,,,,
0.001,128,0.25,500,4,0.195251704,0.449593317,0.577709387,0.715014289,3.757946297,3.955711169,161,,,,
0.001,128,0.25,500,5,0.184963728,0.44792262,0.579511981,0.715146186,3.767180794,3.610225837,160,,,,
0.001,128,0.25,1000,1,0.167685206,0.454561442,0.579336118,0.716816883,4.015791664,5.15913342,171,,,,
0.001,128,0.25,1000,2,0.195647395,0.464585623,0.592745658,0.726841064,3.864282084,4.71894449,170,,,,
0.001,128,0.25,1000,3,0.189272368,0.459265773,0.590195647,0.725566058,3.751718952,4.333570281,171,,,,
0.001,128,0.25,1000,4,0.179995603,0.449945043,0.581578369,0.719542757,3.76873985,3.892014774,171,,,,
0.001,128,0.25,1000,5,0.162805012,0.424444933,0.562057595,0.705122005,3.83646669,3.481944466,170,,,,
0.001,128,0.25,1500,1,0.141173884,0.455264893,0.579555946,0.713387558,4.05535166,5.162479345,214,,,,
0.001,128,0.25,1500,2,0.195251704,0.453901956,0.587513739,0.724203122,3.839951952,4.754978669,214,,,,
0.001,128,0.25,1500,3,0.190547373,0.455308859,0.593009453,0.728423829,3.76631428,4.358322356,214,,,,
0.001,128,0.25,1500,4,0.161354144,0.431215652,0.562717081,0.701121126,3.838036485,3.931967912,215,,,,
0.001,128,0.25,1500,5,0.168300725,0.40932073,0.546449769,0.695933172,3.902289897,3.492025604,214,,,,
0.001,128,0.25,2000,1,0.121433282,0.415739723,0.538404045,0.671004616,4.390298581,5.265396069,276,,,,
0.001,128,0.25,2000,2,0.123983293,0.43174324,0.532424709,0.678039129,4.382786636,5.217648635,275,,,,
0.001,128,0.25,2000,3,0.125522093,0.435260497,0.545526489,0.677203781,4.354604461,5.151104374,276,,,,
0.001,128,0.25,2000,4,0.130929875,0.430732029,0.548428226,0.673950319,4.300851026,5.100353595,275,,,,
0.001,128,0.25,2000,5,0.124862607,0.435216531,0.547417015,0.686040888,4.257021288,5.029232902,275,,,,
0.001,128,0.5,500,1,0.123763464,0.42580787,0.536117828,0.666827874,4.391025139,5.271167544,156,,,,
0.001,128,0.5,500,2,0.122532425,0.422818202,0.538975599,0.676939987,4.348930745,5.238571836,160,,,,
0.001,128,0.5,500,3,0.127588481,0.438338096,0.545834249,0.683798637,4.294272758,5.204180145,160,,,,
0.001,128,0.5,500,4,0.128555727,0.437063091,0.550582546,0.683754671,4.314626822,5.164726296,160,,,,
0.001,128,0.5,500,5,0.128775555,0.440052759,0.55832051,0.693251264,4.311990623,5.137608641,160,,,,
0.001,128,0.5,1000,1,0.12534623,0.428094087,0.53620576,0.678171027,4.400515058,5.268934732,171,,,,
0.001,128,0.5,1000,2,0.131105738,0.438162233,0.544823038,0.683315014,4.273444162,5.233987749,172,,,,
0.001,128,0.5,1000,3,0.12688503,0.437063091,0.554011871,0.686216751,4.342299078,5.153024018,171,,,,
0.001,128,0.5,1000,4,0.139810947,0.436183777,0.559683447,0.692899538,4.250504352,5.077118174,171,,,,
0.001,128,0.5,1000,5,0.132248846,0.437502748,0.555111013,0.688678831,4.222245183,5.004646935,171,,,,
0.001,128,0.5,1500,1,0.155638602,0.451835568,0.569004177,0.703583205,4.085158787,5.195661045,214,,,,
0.001,128,0.5,1500,2,0.184480106,0.444273467,0.576258518,0.710661684,3.959892385,4.835162155,217,,,,
0.001,128,0.5,1500,3,0.18197406,0.452451088,0.588524951,0.72226863,3.807944684,4.514544146,214,,,,
0.001,128,0.5,1500,4,0.177489558,0.430863926,0.566849857,0.704418554,3.824208759,4.168088495,215,,,,
0.001,128,0.5,1500,5,0.165398989,0.411035392,0.548164432,0.697208178,3.867771165,3.795285499,214,,,,
0.001,128,0.5,2000,1,0.126621235,0.427258738,0.541613541,0.682655529,4.371709181,5.272281489,276,,,,
0.001,128,0.5,2000,2,0.121389316,0.425324247,0.547636843,0.685161574,4.332911114,5.254731823,275,,,,
0.001,128,0.5,2000,3,0.126225544,0.439085513,0.565882612,0.693822818,4.247345415,5.148153844,276,,,,
0.001,128,0.5,2000,4,0.145350627,0.445328644,0.569267971,0.694394372,4.204245578,5.006300302,277,,,,
0.001,128,0.5,2000,5,0.143943724,0.439876896,0.562013629,0.69421851,4.162377123,4.880298359,277,,,,
0.001,128,0.75,500,1,0.119498791,0.424313036,0.539195428,0.671180479,4.367841825,5.278135794,155,,,,
0.001,128,0.75,500,2,0.125082436,0.427918224,0.546405803,0.680501209,4.326173737,5.189629135,160,,,,
0.001,128,0.75,500,3,0.146273906,0.452451088,0.580918883,0.721741042,3.98192354,4.919762614,159,,,,
0.001,128,0.75,500,4,0.162805012,0.45130798,0.583249066,0.719234997,3.918613537,4.614334287,160,,,,
0.001,128,0.75,500,5,0.165267092,0.452011431,0.583556826,0.720729831,3.852364631,4.393746908,159,,,,
0.001,128,0.75,1000,1,0.11070565,0.424972521,0.547944603,0.677379644,4.315130282,5.25464901,172,,,,
0.001,128,0.75,1000,2,0.141481644,0.440536382,0.570982634,0.70138492,4.142031998,5.095169597,171,,,,
0.001,128,0.75,1000,3,0.144515278,0.437238954,0.572169708,0.7023082,4.103729077,4.926214406,172,,,,
0.001,128,0.75,1000,4,0.137129039,0.448450209,0.569224005,0.701253023,4.082480791,4.790270495,172,,,,
0.001,128,0.75,1000,5,0.141041987,0.439173445,0.571642119,0.70608925,4.087961496,4.654353438,172,,,,
0.001,128,0.75,1500,1,0.128951418,0.432710486,0.559111893,0.685601231,4.346191923,5.273417349,213,,,,
0.001,128,0.75,1500,2,0.156825676,0.450648494,0.579380084,0.714574632,4.049504373,5.025362535,213,,,,
0.001,128,0.75,1500,3,0.162761046,0.442207078,0.575774896,0.712552209,3.908351361,4.754777937,213,,,,
0.001,128,0.75,1500,4,0.17480765,0.449945043,0.586458562,0.726005716,3.83608894,4.5185201,213,,,,
0.001,128,0.75,1500,5,0.172081776,0.436007914,0.572477468,0.711848758,3.822832658,4.274372062,214,,,,
0.001,128,0.75,2000,1,0.125214333,0.419169048,0.540074742,0.675049461,4.360436209,5.280365902,277,,,,
0.001,128,0.75,2000,2,0.122092768,0.418553528,0.541437679,0.679050341,4.346200707,5.238496415,279,,,,
0.001,128,0.75,2000,3,0.12719279,0.432226863,0.542800616,0.681952077,4.309379971,5.198776666,279,,,,
0.001,128,0.75,2000,4,0.129083315,0.431611343,0.547900638,0.686172785,4.323216995,5.147770735,278,,,,
0.001,128,0.75,2000,5,0.126049681,0.41864146,0.546801495,0.683139151,4.307306458,5.103158208,277,,,,
0.001,256,0,500,1,0.130710046,0.425675973,0.547373049,0.680501209,4.295887411,5.264425796,125,,,,
0.001,256,0,500,2,0.153484282,0.457111453,0.587205979,0.714442735,4.02945036,5.060943533,124,,,,
0.001,256,0,500,3,0.151505825,0.448977797,0.582809409,0.708727193,4.113479488,4.820376336,122,,,,
0.001,256,0,500,4,0.143196307,0.450208837,0.583996483,0.710837547,3.991607784,4.653670646,123,,,,
0.001,256,0,500,5,0.146229941,0.434381183,0.563068806,0.706221148,4.034422727,4.432185477,124,,,,
0.001,256,0,1000,1,0.149043746,0.453682128,0.581402506,0.714882392,4.142636221,5.234635101,150,,,,
0.001,256,0,1000,2,0.19129479,0.466212354,0.594592218,0.729786766,3.882783831,4.863529041,150,,,,
0.001,256,0,1000,3,0.200439657,0.474302044,0.607957793,0.736249725,3.780836968,4.543701718,151,,,,
0.001,256,0,1000,4,0.19938448,0.459177841,0.592306001,0.729083315,3.72822754,4.197535479,150,,,,
0.001,256,0,1000,5,0.191162893,0.445988129,0.578456804,0.716860849,3.761060192,3.786565566,150,,,,
0.001,256,0,1500,1,0.127148824,0.422686305,0.544910969,0.678127061,4.302616302,5.263183181,189,,,,
0.001,256,0,1500,2,0.129918663,0.437766542,0.55053858,0.687667619,4.28683843,5.154805534,188,,,,
0.001,256,0,1500,3,0.14244889,0.44823038,0.559639481,0.695405584,4.126853954,5.087611914,189,,,,
0.001,256,0,1500,4,0.147724775,0.446647615,0.547548912,0.677467575,4.198681783,4.946753447,189,,,,
0.001,256,0,1500,5,0.140118707,0.44167949,0.563508463,0.69360299,4.125482125,4.795967231,190,,,,
0.001,256,0.25,500,1,0.125741921,0.427742361,0.543591998,0.679182238,4.408486597,5.272988593,123,,,,
0.001,256,0.25,500,2,0.152341174,0.453022642,0.573752473,0.703275445,4.177084462,5.082917037,124,,,,
0.001,256,0.25,500,3,0.151813585,0.456232139,0.586898219,0.715805672,4.020738827,4.85261738,123,,,,
0.001,256,0.25,500,4,0.151945483,0.442514838,0.580215432,0.710309958,4.00654688,4.647162404,124,,,,
0.001,256,0.25,500,5,0.140954056,0.428929435,0.571730051,0.703759068,4.024601417,4.440421905,124,,,,
0.001,256,0.25,1000,1,0.158540339,0.442119147,0.559903275,0.699142669,4.183018502,5.237338129,151,,,,
0.001,256,0.25,1000,2,0.175335239,0.461683887,0.588656848,0.723851396,3.963513074,4.940113922,152,,,,
0.001,256,0.25,1000,3,0.188041328,0.449549352,0.588129259,0.724203122,3.873209838,4.639580605,151,,,,
0.001,256,0.25,1000,4,0.184875797,0.449549352,0.588788745,0.722752253,3.806740362,4.317673948,151,,,,
0.001,256,0.25,1000,5,0.174236096,0.423169927,0.562101561,0.701648714,3.854748244,3.963271883,151,,,,
0.001,256,0.25,1500,1,0.126489338,0.428313915,0.54337217,0.677291712,4.385662245,5.272499145,189,,,,
0.001,256,0.25,1500,2,0.125478127,0.430424269,0.546273906,0.688898659,4.310461323,5.241156373,195,,,,
0.001,256,0.25,1500,3,0.144735107,0.450252803,0.570982634,0.697647835,4.238832768,5.178513366,187,,,,
0.001,256,0.25,1500,4,0.144559244,0.454341614,0.570806771,0.704902176,4.157650867,5.003475789,188,,,,
0.001,256,0.25,1500,5,0.136865245,0.444405364,0.571598153,0.708287536,4.158624735,4.877614895,190,,,,
0.001,256,0.5,500,1,0.147109255,0.427786327,0.549043746,0.686700374,4.186965857,5.262313545,123,,,,
0.001,256,0.5,500,2,0.160870521,0.452802814,0.580391295,0.716684986,4.001155979,4.93730865,124,,,,
0.001,256,0.5,500,3,0.179951638,0.455572653,0.594152561,0.72503847,3.86611707,4.64412748,124,,,,
0.001,256,0.5,500,4,0.174104199,0.43952517,0.575818861,0.709650473,3.882690698,4.367417404,123,,,,
0.001,256,0.5,500,5,0.177973181,0.434864805,0.568652451,0.707364256,3.827007763,4.10784087,124,,,,
0.001,256,0.5,1000,1,0.121521213,0.424488899,0.540514399,0.67342273,4.388427874,5.264478082,151,,,,
0.001,256,0.5,1000,2,0.156254122,0.457683007,0.586194768,0.721828973,3.982596237,5.02472646,151,,,,
0.001,256,0.5,1000,3,0.1694878,0.44792262,0.576698175,0.713035832,4.061268027,4.732423263,150,,,,
0.001,256,0.5,1000,4,0.175862827,0.446823478,0.582105957,0.721960871,3.84991664,4.543112867,150,,,,
0.001,256,0.5,1000,5,0.173224885,0.4305122,0.564739503,0.699274566,3.849718383,4.21078745,171,,,,
0.001,256,0.5,1500,1,0.121697076,0.430204441,0.54214113,0.681116729,4.39048144,5.275812404,237,,,,
0.001,256,0.5,1500,2,0.119982414,0.431039789,0.542360958,0.681380523,4.259727923,5.237760092,191,,,,
0.001,256,0.5,1500,3,0.138843702,0.445108815,0.563992086,0.700373709,4.164285322,5.177209056,189,,,,
0.001,256,0.5,1500,4,0.159903275,0.457990767,0.587118048,0.718531545,4.18317872,5.075219791,188,,,,
0.001,256,0.5,1500,5,0.158716201,0.460540778,0.591734447,0.728687624,4.054141385,4.939308914,189,,,,
0.001,512,0,500,1,0.126928995,0.434249286,0.536249725,0.679577929,4.344516383,5.283192289,124,,,,
0.001,512,0,500,2,0.14930754,0.451220048,0.567729171,0.699142669,4.197870127,5.213202865,123,,,,
0.001,512,0,500,3,0.147329083,0.455176962,0.583600791,0.711409101,4.112816366,5.038324645,123,,,,
0.001,512,0,500,4,0.155374808,0.454957133,0.589536162,0.714222906,4.068995211,4.878988705,123,,,,
0.001,512,0,500,5,0.151901517,0.469070125,0.594328424,0.718047923,3.953596746,4.717712925,124,,,,
0.001,512,0,1000,1,0.123279842,0.433062211,0.543020444,0.681072763,4.341464117,5.282415658,148,,,,
0.001,512,0,1000,2,0.147417015,0.441943284,0.565706749,0.691888327,4.228735511,5.178388746,148,,,,
0.001,512,0,1000,3,0.148296329,0.441415696,0.578544735,0.70107716,4.135202673,4.978978642,149,,,,
0.001,512,0,1000,4,0.155814465,0.441239833,0.580083535,0.707188393,4.054066695,4.782025343,151,,,,
0.001,512,0,1000,5,0.15955155,0.452714882,0.583073203,0.714047043,3.99559474,4.792142876,154,,,,
0.001,512,0,1500,1,0.121653111,0.425763904,0.537436799,0.682523632,4.348912387,5.283089549,201,,,,
0.001,512,0,1500,2,0.153352385,0.454341614,0.57357661,0.706177182,4.098722161,5.081769841,195,,,,
0.001,512,0,1500,3,0.184392174,0.455616619,0.588261156,0.72442295,3.929011212,4.816880451,190,,,,
0.001,512,0,1500,4,0.195207738,0.460716641,0.59375687,0.725610024,3.8134361,4.522469014,190,,,,
0.001,512,0,1500,5,0.195999121,0.460584744,0.596614641,0.734930754,3.755960798,4.299033259,191,,,,
0.001,512,0.25,500,1,0.122356562,0.424488899,0.535414377,0.67496153,4.375349511,5.282762268,125,,,,
0.001,512,0.25,500,2,0.166014509,0.45007694,0.56610244,0.700021983,4.121908177,5.112588001,125,,,,
0.001,512,0.25,500,3,0.167905034,0.460716641,0.588920642,0.714574632,4.01922769,4.846792521,125,,,,
0.001,512,0.25,500,4,0.174763684,0.458694219,0.592042207,0.731017806,3.890027587,4.608153748,124,,,,
0.001,512,0.25,500,5,0.188920642,0.452670917,0.586722357,0.718663443,3.985590135,4.403993856,125,,,,
0.001,512,0.25,1000,1,0.125082436,0.43266652,0.537656628,0.68151242,4.380824576,5.281681353,151,,,,
0.001,512,0.25,1000,2,0.082259837,0.413101781,0.543811827,0.683534843,4.380125215,5.234589028,150,,,,
0.001,512,0.25,1000,3,0.131501429,0.437238954,0.554979116,0.677379644,4.322396692,5.217317096,151,,,,
0.001,512,0.25,1000,4,0.135502308,0.446427786,0.563464498,0.69298747,4.25913335,5.146169266,150,,,,
0.001,512,0.25,1000,5,0.132424709,0.445064849,0.558144647,0.689030556,4.315164185,5.082940943,151,,,,
0.001,512,0.25,1500,1,0.120026379,0.422994065,0.535238514,0.673510662,4.441800107,5.280398966,193,,,,
0.001,512,0.25,1500,2,0.149879094,0.437194988,0.565970543,0.694262475,4.1717572,5.224487013,192,,,,
0.001,512,0.25,1500,3,0.148472192,0.448933832,0.575686964,0.706309079,4.043840361,4.973453937,192,,,,
0.001,512,0.25,1500,4,0.13189712,0.391558584,0.50015388,0.628841504,4.349449306,4.747296649,194,,,,
0.001,512,0.25,1500,5,0.172389536,0.445196747,0.581490437,0.719850517,3.931777064,4.581049991,197,,,,
0.001,512,0.5,500,1,0.125390196,0.420224225,0.540954056,0.679929655,4.354890898,5.302049803,135,,,,
0.001,512,0.5,500,2,0.161222247,0.452451088,0.571422291,0.706792702,4.084079801,5.166229899,136,,,,
0.001,512,0.5,500,3,0.17419213,0.46093647,0.590283579,0.725170367,3.988563368,4.898319212,123,,,,
0.001,512,0.5,500,4,0.181886129,0.462211475,0.597493955,0.732556606,3.853069025,4.65664409,123,,,,
0.001,512,0.5,500,5,0.188568916,0.45970543,0.593229281,0.728819521,3.782747862,4.406209313,123,,,,
0.001,512,0.5,1000,1,0.12380743,0.427082875,0.538931633,0.669509782,4.35535344,5.276386743,148,,,,
0.001,512,0.5,1000,2,0.135326445,0.438733788,0.559067927,0.693031435,4.408116807,5.21478073,148,,,,
0.001,512,0.5,1000,3,0.142492856,0.438513959,0.571598153,0.706221148,4.122206434,5.052207039,148,,,,
0.001,512,0.5,1000,4,0.141745439,0.438162233,0.572521433,0.71101341,4.102308586,4.906333666,148,,,,
0.001,512,0.5,1000,5,0.150406683,0.444713124,0.574280062,0.709958233,4.03620535,4.783363873,147,,,,
0.001,512,0.5,1500,1,0.122488459,0.424840624,0.537568696,0.672059793,4.412072076,5.281050237,189,,,,
0.001,512,0.5,1500,2,0.124862607,0.425588041,0.538008353,0.677643438,4.406405936,5.241268078,191,,,,
0.001,512,0.5,1500,3,0.122400528,0.428885469,0.543416135,0.681908112,4.368598843,5.238692455,189,,,,
0.001,512,0.5,1500,4,0.136953177,0.434732908,0.55924379,0.693515058,4.301541562,5.181903515,188,,,,
0.001,512,0.5,1500,5,0.125917784,0.435480325,0.562277424,0.693119367,4.18680244,5.101455279,189,,,,
0.001,1024,0,500,1,0.120026379,0.425104419,0.53620576,0.678214992,4.38235117,5.311095147,119,,,,
0.001,1024,0,500,2,0.123851396,0.425104419,0.532292812,0.673642559,4.359027738,5.252319411,120,,,,
0.001,1024,0,500,3,0.120026379,0.425104419,0.543020444,0.675840844,4.340918271,5.245990673,119,,,,
0.001,1024,0,500,4,0.121037591,0.425104419,0.539854913,0.680193449,4.347433837,5.235301602,118,,,,
0.001,1024,0,500,5,0.128555727,0.432578589,0.553528248,0.688415036,4.322525315,5.21554604,119,,,,
0.001,1024,0,1000,1,0.119586722,0.427698395,0.547812706,0.677071884,4.360574847,5.295511208,147,,,,
0.001,1024,0,1000,2,0.119586722,0.427698395,0.535458342,0.678610684,4.366971866,5.242257622,147,,,,
0.001,1024,0,1000,3,0.13528248,0.427258738,0.551549791,0.684765883,4.363413811,5.237612515,146,,,,
0.001,1024,0,1000,4,0.143548033,0.454033854,0.573092987,0.703407342,4.175041344,5.145387124,147,,,,
0.001,1024,0,1000,5,0.159991207,0.463926138,0.578808529,0.716245329,4.046860902,4.971607996,147,,,,
0.001,1024,0,1500,1,0.130138492,0.433809628,0.528555727,0.676983953,4.331157788,5.293247898,185,,,,
0.001,1024,0,1500,2,0.123147945,0.434029457,0.539283359,0.679094306,4.355217975,5.238111887,192,,,,
0.001,1024,0,1500,3,0.153660145,0.446867443,0.567113651,0.693471093,4.207308396,5.205438126,196,,,,
0.001,1024,0,1500,4,0.111365135,0.451747637,0.572741262,0.697735766,4.18693018,5.078537207,197,,,,
0.001,1024,0,1500,5,0.138799736,0.456803693,0.578017147,0.704242691,4.133264023,4.990953917,188,,,,
0.001,1024,0.25,500,1,0.122664322,0.412442295,0.535150583,0.672059793,4.411678231,5.314061738,119,,,,
0.001,1024,0.25,500,2,0.118267751,0.427170807,0.542097164,0.674258079,4.384368544,5.246400747,120,,,,
0.001,1024,0.25,500,3,0.125566058,0.429105298,0.542888547,0.678214992,4.381508827,5.246995551,119,,,,
0.001,1024,0.25,500,4,0.131105738,0.429896681,0.546757529,0.681556386,4.344150751,5.232015862,120,,,,
0.001,1024,0.25,500,5,0.144075621,0.448801934,0.568432623,0.696372829,4.232811306,5.167155721,119,,,,
0.001,1024,0.25,1000,1,0.123939327,0.40808969,0.544515278,0.679577929,4.396154051,5.292759102,146,,,,
0.001,1024,0.25,1000,2,0.125610024,0.430336338,0.546801495,0.684458123,4.342608099,5.242723036,149,,,,
0.001,1024,0.25,1000,3,0.14091009,0.425895801,0.553132557,0.684633985,4.222535714,5.212932667,149,,,,
0.001,1024,0.25,1000,4,0.149175643,0.444405364,0.572521433,0.696504726,4.16659295,5.153051634,152,,,,
0.001,1024,0.25,1000,5,0.146361838,0.447131238,0.56702572,0.699186634,4.17251363,5.023908428,155,,,,
0.001,1024,0.25,1500,1,0.126533304,0.412486261,0.538623873,0.673027039,4.362698804,5.286137774,193,,,,
0.001,1024,0.25,1500,2,0.12288415,0.430248406,0.545966146,0.679358101,4.357134239,5.239965396,186,,,,
0.001,1024,0.25,1500,3,0.156429985,0.45284678,0.57696197,0.705253902,4.09013205,5.141794081,185,,,,
0.001,1024,0.25,1500,4,0.161881732,0.461727852,0.588524951,0.720422071,4.015487598,4.940376898,185,,,,
0.001,1024,0.25,1500,5,0.179336118,0.463398549,0.597406023,0.728379864,3.942026055,4.789905998,185,,,,
0.001,1024,0.5,500,1,0.117476368,0.421806991,0.532864366,0.663706309,4.385957676,5.32803881,119,,,,
0.001,1024,0.5,500,2,0.118663443,0.423433722,0.535810068,0.671268411,4.391469209,5.253726006,119,,,,
0.001,1024,0.5,500,3,0.124510882,0.425544076,0.536337657,0.672895142,4.376604681,5.253826463,118,,,,
0.001,1024,0.5,500,4,0.122620356,0.42303803,0.535766102,0.676016707,4.351129905,5.239647597,119,,,,
0.001,1024,0.5,500,5,0.12380743,0.429149264,0.543328204,0.675489118,4.362967781,5.23068472,118,,,,
0.001,1024,0.5,1000,1,0.115366015,0.416399209,0.54060233,0.672455485,4.392478756,5.300459487,145,,,,
0.001,1024,0.5,1000,2,0.126401407,0.432314794,0.546625632,0.682303803,4.389150744,5.251243982,146,,,,
0.001,1024,0.5,1000,3,0.145394592,0.445196747,0.568432623,0.699758189,4.256020733,5.212336578,145,,,,
0.001,1024,0.5,1000,4,0.165003297,0.455660585,0.584216311,0.720246208,4.059937125,4.993225596,146,,,,
0.001,1024,0.5,1000,5,0.169267971,0.460892504,0.597581886,0.727104858,3.914638364,4.798249497,145,,,,
0.001,1024,0.5,1500,1,0.121521213,0.420268191,0.537392834,0.673466696,4.324402705,5.291999892,185,,,,
0.001,1024,0.5,1500,2,0.120861728,0.420136294,0.534710925,0.676016707,4.42835389,5.254567157,185,,,,
0.001,1024,0.5,1500,3,0.123279842,0.422598373,0.535941965,0.677643438,4.365535653,5.248441364,185,,,,
0.001,1024,0.5,1500,4,0.121609145,0.423081996,0.539327325,0.680017586,4.38165675,5.249375509,185,,,,
0.001,1024,0.5,1500,5,0.099010772,0.395955155,0.519059134,0.629984612,4.425764146,5.234631474,185,,,,
0.001,2048,0,500,1,0.12565399,0.42642339,0.544867004,0.681732249,4.377427697,5.351895767,119,,,,
0.001,2048,0,500,2,0.121872939,0.42642339,0.541877336,0.682040009,4.365908146,5.25074838,118,,,,
0.001,2048,0,500,3,0.121872939,0.42642339,0.541569576,0.679094306,4.390212735,5.238082737,118,,,,
0.001,2048,0,500,4,0.141569576,0.427390635,0.54930754,0.685337437,4.259467324,5.222495768,119,,,,
0.001,2048,0,500,5,0.161222247,0.455132996,0.574367993,0.709034953,4.1169101,5.152028624,118,,,,
0.001,2048,0,1000,1,0.124466916,0.430336338,0.541789404,0.682215872,4.422567606,5.318284374,145,,,,
0.001,2048,0,1000,2,0.124466916,0.430336338,0.533216091,0.687667619,4.382378976,5.242430125,145,,,,
0.001,2048,0,1000,3,0.126928995,0.416047483,0.545086832,0.680677072,4.342604717,5.230073749,145,,,,
0.001,2048,0,1000,4,0.177313695,0.446427786,0.576786107,0.703099582,4.183765451,5.178243044,147,,,,
0.001,2048,0,1000,5,0.18074302,0.456891625,0.575203341,0.705913388,4.088092208,5.027968364,148,,,,
0.001,2048,0,1500,1,0.121653111,0.433809628,0.538272148,0.681380523,4.401111484,5.321803909,188,,,,
0.001,2048,0,1500,2,0.125126401,0.433809628,0.547021323,0.682347769,4.365005453,5.255973551,183,,,,
0.001,2048,0,1500,3,0.125126401,0.433809628,0.543548033,0.681380523,4.39447403,5.249983915,184,,,,
0.001,2048,0,1500,4,0.125126401,0.433809628,0.547900638,0.679402066,4.329262416,5.250951269,185,,,,
0.001,2048,0,1500,5,0.125126401,0.433809628,0.546010112,0.678434821,4.353076895,5.241240035,184,,,,
0.001,2048,0.25,500,1,0.124950539,0.424620796,0.537480765,0.668058914,4.383581996,5.371912797,118,,,,
0.001,2048,0.25,500,2,0.123763464,0.42734667,0.539810947,0.675137393,4.358629823,5.25181481,117,,,,
0.001,2048,0.25,500,3,0.122664322,0.428621675,0.54244889,0.678083095,4.388911764,5.252634578,117,,,,
0.001,2048,0.25,500,4,0.124159156,0.428138052,0.542888547,0.678742581,4.34996899,5.244675202,118,,,,
0.001,2048,0.25,500,5,0.123895362,0.429984612,0.537788525,0.681380523,4.353320559,5.23911313,117,,,,
0.001,2048,0.25,1000,1,0.123675533,0.420048362,0.538667839,0.671048582,4.382019083,5.327836736,145,,,,
0.001,2048,0.25,1000,2,0.120641899,0.42765443,0.545526489,0.679050341,4.361569842,5.249923452,144,,,,
0.001,2048,0.25,1000,3,0.120246208,0.427214772,0.547504946,0.68212794,4.34704864,5.250524987,145,,,,
0.001,2048,0.25,1000,4,0.123455705,0.428445812,0.545174764,0.681732249,4.387326558,5.242774667,145,,,,
0.001,2048,0.25,1000,5,0.121785008,0.427962189,0.542273027,0.68274346,4.328917821,5.241888491,145,,,,
0.001,2048,0.25,1500,1,0.125785887,0.421455265,0.541701473,0.673334799,4.379004359,5.302357811,184,,,,
0.001,2048,0.25,1500,2,0.125522093,0.431039789,0.533523851,0.67619257,4.362287005,5.248240704,183,,,,
0.001,2048,0.25,1500,3,0.126225544,0.429413058,0.541349747,0.679314135,4.344278336,5.235266982,188,,,,
0.001,2048,0.25,1500,4,0.108287536,0.437898439,0.556210156,0.685337437,4.432217002,5.215764491,194,,,,
0.001,2048,0.25,1500,5,0.153440317,0.438118268,0.566586063,0.696988349,4.20199434,5.15195411,194,,,,
0.001,2048,0.5,500,1,0.112728072,0.410727632,0.523851396,0.657199384,4.455827117,5.371983698,121,,,,
0.001,2048,0.5,500,2,0.121433282,0.421894922,0.529171246,0.670696856,4.379618684,5.256154007,117,,,,
0.001,2048,0.5,500,3,0.129566938,0.419872499,0.538404045,0.672939107,4.370950301,5.243832143,118,,,,
0.001,2048,0.5,500,4,0.137085074,0.431655309,0.547548912,0.68212794,4.243932048,5.219082059,118,,,,
0.001,2048,0.5,500,5,0.152517037,0.445460541,0.565530886,0.701516817,4.155572931,5.136330032,119,,,,
0.001,2048,0.5,1000,1,0.123103979,0.421323368,0.540030776,0.672147725,4.405166825,5.330794981,149,,,,
0.001,2048,0.5,1000,2,0.122092768,0.430072543,0.538228182,0.67588481,4.364073277,5.254223781,149,,,,
0.001,2048,0.5,1000,3,0.120993625,0.430380303,0.549351506,0.676412398,4.417237282,5.237129031,149,,,,
0.001,2048,0.5,1000,4,0.151945483,0.450560563,0.570850736,0.700417674,4.196524739,5.178979895,149,,,,
0.001,2048,0.5,1000,5,0.156429985,0.452407122,0.577181798,0.708463399,4.209305286,5.106337388,152,,,,
0.001,2048,0.5,1500,1,0.122400528,0.43081996,0.540338536,0.677863267,4.391818762,5.331349776,187,,,,
0.001,2048,0.5,1500,2,0.122048802,0.431303583,0.547636843,0.679621895,4.343933821,5.248475827,193,,,,
0.001,2048,0.5,1500,3,0.129127281,0.435304463,0.549131677,0.682259837,4.331911763,5.242868561,193,,,,
0.001,2048,0.5,1500,4,0.128951418,0.436491537,0.550714443,0.683446911,4.371758779,5.243330818,192,,,,
0.001,2048,0.5,1500,5,0.127984172,0.436535502,0.549791163,0.686172785,4.424363216,5.232217121,185,,,,
